model,metric,groupkfold,holdout,rolling
XGB,pr_auc,0.5005424303582233,0.4256036974270153,0.41638779056987013
XGB,top-20-precision,0.6599999999999999,0.6,0.55
XGB,top-50-precision,0.568,0.52,0.48
XGB,f1_score,0.4453401769103592,0.37547892720306514,0.37191502415829436
XGB,brier_score,0.18878999054431916,0.2051052749156952,0.2020382210612297
XGB,roc_auc,0.6993575549870712,0.6126350245499181,0.6264509027934169
